source,target
254,832
254,1495
254,2262
254,1495
254,618
254,2177
254,1618
254,743
254,322
254,3498
254,2718
254,3498
254,159
254,343
254,159
254,1941
171,1755
171,1406
171,2020
171,1812
171,3183
168,3581
168,3
168,392
168,2121
168,3538
168,1276
168,256
168,1276
168,3581
168,952
168,3413
168,1414
168,238
168,2121
168,256
168,1407
168,2041
168,1276
168,1414
168,2041
168,1276
168,2109
168,168
168,135
168,2121
168,952
168,765
168,2439
168,952
168,168
168,2385
168,2741
168,1537
168,2041
168,1276
168,2041
168,1276
168,2670
168,256
168,1276
168,1276
168,1537
168,2491
168,256
168,2462
168,768
168,687
168,1857
168,1096
168,1276
168,256
168,238
168,1067
168,146
168,279
168,238
292,1926
292,2440
292,1706
292,1264
292,2111
267,530
267,3458
267,1164
267,1969
159,946
159,3318
159,1433
159,111
159,3249
159,1653
159,3211
159,2578
159,2198
159,159
159,3338
159,3069
159,1605
280,3430
280,1628
280,3482
280,2109
280,165
280,2001
280,917
280,68
280,2991
280,2670
280,2752
280,2670
280,2488
280,2462
280,457
280,2462
280,2782
280,244
280,98
280,1840
280,2670
280,2670
280,2670
280,2121
280,952
280,3192
280,3086
280,2462
280,2121
280,1169
280,9
280,141
280,2462
280,2670
280,2670
280,2670
280,2670
280,2670
280,2670
280,2690
280,2670
280,1537
280,2670
280,2670
280,2670
280,2670
280,19
280,156
280,244
280,2670
280,2670
280,2670
280,2670
280,2670
280,2670
280,2670
280,940
280,2670
280,2670
280,465
280,1537
280,3342
280,61
280,1079
280,700
280,1095
280,1095
280,1511
280,1121
280,1473
280,3321
280,1095
280,2059
280,3305
280,1095
280,1095
280,2670
280,2670
280,2059
280,3372
280,2670
280,383
280,146
5,409
5,2077
5,1335
5,430
5,174
5,3523
5,587
5,2393
5,1775
5,1586
5,76
5,679
5,430
5,1586
5,1437
5,601
5,1506
5,1
5,3527
5,612
5,2340
5,1296
5,203
5,2445
5,2529
5,3415
5,1
5,2529
5,2529
5,2529
5,3415
5,1
5,2687
5,1526
5,2485
5,419
5,1
5,1586
5,1775
5,3432
5,2685
5,3432
5,1938
5,579
179,3221
179,364
179,3413
179,289
179,1857
179,2853
179,9
179,266
179,1685
179,2971
179,2018
179,917
179,3560
179,1362
179,25
179,549
179,1060
179,756
179,2991
179,1999
179,1079
179,1371
179,1891
179,1414
179,2859
179,2506
179,2041
179,1276
179,2041
179,1276
179,2670
179,77
179,950
179,1276
179,2041
179,1276
179,2041
179,1276
179,765
179,2670
179,2670
179,151
179,917
139,2828
139,2830
139,2830
139,139
139,3246
139,1765
139,2830
139,98
139,98
176,1117
176,1385
176,343
176,924
176,1532
176,501
176,2420
176,1710
176,1558
176,1892
176,467
176,2732
176,3582
176,3582
176,2855
176,329
176,504
176,2306
176,1106
176,2906
176,1902
176,1117
176,3584
176,1640
176,1484
278,277
278,3581
278,2393
278,213
278,1137
278,368
278,2019
278,2028
278,1336
278,3581
278,2254
278,758
278,1447
278,1336
278,1468
278,540
278,358
278,42
278,1337
278,3034
278,267
278,540
278,2463
278,2393
278,540
278,2393
278,2425
278,701
278,2589
278,540
278,129
278,1466
278,1340
278,540
278,3163
278,556
278,1619
278,540
278,540
278,227
278,277
278,1619
278,1619
278,540
278,540
278,3005
278,940
278,540
278,2636
103,910
103,2831
103,2111
103,941
103,2677
103,210
103,2677
103,919
103,2807
103,2677
103,2677
103,480
103,925
103,210
103,2677
103,22
103,2677
103,2677
103,163
103,2677
103,3144
103,2677
103,2677
103,2677
103,2677
103,2934
103,2959
103,480
103,2677
103,2677
103,3162
103,2677
103,2677
103,2677
103,2677
103,2677
103,1526
103,2677
103,2677
103,2677
103,2677
103,2677
103,2677
103,2677
103,2677
103,2677
103,3577
138,2781
138,784
138,1245
138,2318
138,718
138,2463
138,635
138,635
138,1329
138,305
138,1170
138,2043
138,3341
138,2043
138,1371
138,903
138,2534
138,3441
138,1537
138,138
138,138
138,3299
138,1137
138,3297
138,3297
138,2180
138,718
138,2312
138,2462
138,216
138,3176
138,89
138,139
138,138
138,2318
138,2608
138,2670
138,2385
138,1493
138,2534
138,2232
29,3144
29,2705
29,2705
29,2111
29,3316
29,851
140,743
140,788
140,131
140,1858
140,1858
140,1858
140,1635
140,265
140,2111
140,2719
140,2429
140,265
140,2301
140,1788
140,176
140,2153
140,86
140,2429
140,885
140,140
140,265
140,263
140,213
140,326
140,2921
140,1858
140,740
140,2919
140,1858
140,2301
140,1858
140,2959
140,500
140,659
140,174
140,500
140,2429
140,530
140,565
140,3138
140,420
140,3262
140,2022
140,2429
140,119
140,1667
140,2284
140,75
140,2284
140,2488
140,2919
140,174
140,2488
140,75
140,1858
140,1786
140,2301
140,3480
140,489
140,1417
140,1417
140,1858
140,894
140,72
140,76
140,409
140,2077
140,1775
140,224
140,2976
140,2068
140,3353
140,740
140,77
140,1137
140,2429
140,1384
140,218
140,160
140,788
140,2827
125,1991
125,1991
125,149
125,1248
125,163
125,1721
125,263
125,2724
125,1991
125,444
125,2847
125,1582
125,175
125,2160
125,430
125,1991
125,2724
125,1991
125,3324
125,1991
125,2724
125,430
125,2170
125,693
125,1781
125,2110
125,3009
125,1863
125,2791
125,3136
125,2614
125,2164
125,2977
125,140
125,1886
125,2078
125,500
125,792
125,425
125,425
125,1721
125,2287
125,1715
125,1349
125,1349
125,1349
125,200
125,1349
125,1991
125,855
125,743
125,149
125,1159
125,1349
125,1349
125,1349
125,1349
125,1349
125,1349
125,2065
125,3377
125,1349
125,1349
125,3057
125,1344
125,2780
125,1349
125,3224
125,2987
125,1349
125,1349
125,1349
125,1349
125,536
125,425
125,1349
125,1349
125,1349
125,490
125,3262
125,1349
125,1349
125,3057
125,2493
70,2070
70,785
70,2994
70,782
70,70
70,70
70,86
70,3382
70,228
70,176
70,1969
70,176
70,2187
70,1969
70,176
70,180
70,318
70,3267
70,1545
70,1106
70,876
70,2437
70,785
70,3367
70,915
70,176
70,3495
70,192
70,3508
70,576
70,3330
70,895
70,3037
70,370
70,213
70,706
70,1
70,3568
70,1868
70,3037
70,3149
70,579
70,1391
70,2813
70,3105
70,530
70,289
70,2965
70,2295
70,1969
70,3052
70,1787
70,530
70,2940
70,586
70,3148
70,2331
70,2940
70,3252
70,356
93,788
93,590
93,3174
93,946
93,1205
93,2349
93,2959
93,2646
93,2483
93,93
93,1389
93,3184
93,3093
93,801
93,2566
93,657
93,2866
93,583
93,1925
93,3124
93,1581
93,119
93,1757
93,72
93,2202
93,1495
93,93
93,2369
93,2720
93,2811
93,56
93,666
93,1794
93,1687
93,652
93,2538
93,411
93,2579
93,1578
93,753
93,1794
93,2225
93,770
93,1449
93,1721
93,1833
93,1152
93,1776
93,1384
93,971
93,1257
93,2579
93,313
93,2164
93,1887
93,3288
93,2263
93,1495
270,2169
270,857
270,2169
270,1586
270,2169
270,2169
270,2169
270,2461
270,768
270,270
270,768
270,768
270,768
270,768
270,2623
270,180
38,564
38,565
38,2941
38,3278
38,880
38,2169
38,2169
38,915
38,3258
38,579
38,2251
38,2166
38,330
38,788
38,2721
38,697
38,2843
38,2169
38,2169
38,1468
38,1468
38,973
38,2941
38,446
38,446
38,2169
38,86
38,213
38,508
38,880
38,2251
38,2437
38,2169
38,2843
38,894
38,1468
38,213
38,1137
38,1468
38,2282
38,1337
38,2282
38,2843
38,2169
38,2843
38,2721
38,380
38,1807
38,380
38,3046
38,26
38,697
38,459
38,579
38,1337
38,3034
38,508
38,2169
38,1462
38,2251
38,2018
38,213
38,2687
38,2018
119,210
119,2506
119,2057
119,117
119,2506
119,216
119,1615
119,117
119,1198
119,1639
119,662
119,2212
119,1012
119,1094
119,2468
119,1615
119,2696
119,718
119,1064
119,1639
119,2562
119,2696
119,2562
119,3389
119,404
119,1094
119,3389
119,2481
119,3389
119,2468
27,27
27,2463
27,2067
27,3502
27,3502
27,2237
27,2237
27,3393
27,3189
27,1371
27,1811
27,50
27,1537
27,406
27,1691
27,3499
27,765
27,2940
27,2863
27,768
27,1299
27,98
27,61
27,2329
27,2329
27,1233
27,768
27,279
27,1414
27,2997
27,27
27,169
27,499
27,1537
27,392
27,1550
27,2463
27,2991
27,2488
27,1990
27,390
27,1219
27,1274
27,647
27,1096
27,1929
27,390
27,390
27,2546
27,1371
27,1086
27,1371
199,3176
224,1663
224,916
224,788
224,343
224,591
224,2670
224,2784
224,3559
224,474
224,362
224,2300
224,1299
224,1299
224,2401
224,1299
224,2242
224,2289
224,166
224,788
224,1905
224,3304
224,419
224,2401
224,1421
54,1691
54,2823
54,1734
54,2191
54,1339
54,3195
54,2763
54,1982
54,1982
54,1982
54,54
54,1982
54,54
54,3085
54,2763
54,2138
54,2668
54,54
54,1952
200,1280
200,343
200,900
200,343
200,126
200,200
200,343
185,3161
185,1481
185,718
185,3298
185,98
185,357
185,1013
185,2991
185,357
185,2385
185,1857
185,2462
185,704
185,1260
185,1260
185,1276
185,422
126,2408
126,3572
126,2408
126,1608
126,2071
126,75
126,1790
126,1790
126,685
126,1481
126,2408
126,491
126,3299
126,491
126,3523
126,2984
126,1790
157,2714
157,2714
157,2111
157,2714
157,2553
157,157
157,2754
157,2111
157,2128
157,3198
68,98
68,1666
68,647
68,2158
68,1556
68,791
68,1391
68,1561
68,598
68,650
68,98
68,3181
68,1708
68,1026
68,78
68,768
68,3163
68,2991
68,768
68,768
68,768
68,2286
68,1537
68,768
68,768
68,2286
68,768
68,2061
68,791
68,1414
68,1537
68,768
68,768
68,768
109,873
109,66
109,1138
109,2380
109,1774
109,333
109,333
109,3122
74,2016
74,1394
74,3537
74,91
74,1784
74,2429
74,265
74,1024
74,2429
74,788
74,209
74,1024
74,1102
74,1638
74,2287
74,885
74,140
74,119
74,140
74,2069
74,3406
74,1486
74,460
74,2430
74,430
74,1042
74,1042
74,336
74,1774
74,3139
74,74
74,1042
74,1783
74,223
74,3510
74,1320
74,457
74,1409
74,154
74,2625
74,22
74,140
74,2528
74,2111
74,210
74,210
74,2625
74,2324
74,2625
74,1919
74,2324
74,2625
74,119
74,2349
74,2625
74,2625
74,797
74,2324
74,2625
66,2748
66,1626
66,2506
66,2057
66,2057
168,168
168,256
168,256
168,1276
168,256
168,1276
168,168
168,861
168,168
168,137
168,168
168,256
168,110
168,2337
168,3382
236,2282
236,2494
236,236
236,2282
236,192
236,1792
236,1792
236,1137
236,213
236,1137
236,343
236,1537
236,1137
236,1137
236,635
236,294
236,2282
236,635
236,1775
236,1775
236,2109
236,804
236,1775
236,294
236,363
236,409
236,2077
236,2282
236,1619
236,3586
236,2282
236,690
236,1619
236,192
236,2282
236,1119
236,3034
236,2632
236,410
236,2863
236,2282
236,2109
236,2109
236,2282
236,2282
236,2463
236,540
236,2109
236,1295
236,1137
236,1137
236,236
236,2282
236,2282
236,2282
236,2282
236,3034
236,2282
236,587
236,1688
236,1688
236,1688
236,1688
236,701
236,1468
236,2282
236,894
236,1337
236,2282
236,1120
236,2282
236,579
236,894
236,582
236,2282
236,1619
236,236
236,2282
236,2282
236,2282
236,2282
236,2282
236,1976
57,57
57,168
57,151
57,98
57,78
57,1820
57,1703
57,579
57,3465
57,1820
57,3430
57,2266
57,3413
57,1210
57,1
57,579
57,1210
57,2337
57,57
57,894
57,3410
57,2752
57,601
57,1556
57,2337
57,78
57,213
57,2337
57,1150
57,1150
57,57
57,1328
57,1210
57,601
57,57
57,78
57,2850
57,940
57,1096
57,135
57,579
57,1537
57,2590
57,96
57,50
57,1537
57,1146
57,1146
57,894
57,894
57,2337
57,2385
57,579
57,2385
57,213
57,1537
57,3413
57,1388
57,78
57,1537
57,678
57,40
57,1995
57,98
57,3430
57,3390
57,3413
201,117
201,201
201,2126
201,82
201,740
201,579
201,579
201,690
201,579
201,579
201,579
201,117
201,181
201,1341
201,2081
201,158
201,181
201,201
201,181
201,2126
201,3144
201,3317
201,2380
201,2395
201,201
66,2748
66,1040
66,66
66,3561
66,1234
66,2585
246,2539
246,1867
246,771
246,126
246,643
246,126
246,1875
246,1875
246,771
246,1697
246,3362
246,2495
246,2539
246,1875
246,131
246,2034
246,2539
246,2051
246,3362
246,3207
246,2083
246,643
246,349
246,246
246,131
246,2034
246,395
246,246
246,126
246,2034
246,2932
246,2143
246,3418
246,628
246,713
246,939
246,2779
246,628
246,2779
246,3207
246,1691
246,75
246,2327
246,659
246,1822
246,246
246,757
246,3214
25,3280
25,25
25,404
25,404
25,404
25,3373
25,404
25,25
25,25
25,25
25,404
25,404
25,165
36,117
36,36
36,288
36,36
36,333
36,1118
36,29
36,117
36,1118
36,1363
36,117
36,215
36,2111
36,117
36,535
115,2262
115,324
115,1692
115,3277
115,1642
115,2957
115,213
115,1249
115,1718
115,2685
115,2385
115,2741
115,1537
115,1537
115,1644
115,2638
115,920
115,2657
262,262
262,895
262,1610
262,1350
262,262
262,391
262,334
111,788
111,111
111,5317
111,5317
111,3501
111,2311
111,5317
111,5317
111,2058
111,691
111,111
111,2525
111,5317
111,5317
111,5317
111,5317
111,3493
111,5317
111,3170
111,3493
111,5317
111,5317
111,1185
111,5317
111,5317
111,5317
111,5317
111,5317
284,799
284,1332
284,636
284,670
284,368
284,368
284,321
284,2226
284,1870
284,2850
284,9
284,320
284,1043
284,98
284,2109
284,1454
284,1870
284,368
284,3239
284,135
284,2009
284,19
284,156
284,674
284,168
284,98
284,2649
284,2352
284,647
284,68
284,1820
284,1668
284,915
284,150
55,2852
55,2334
55,1932
55,3411
55,393
55,393
55,942
55,393
55,154
55,393
55,2032
55,1610
55,2231
55,1832
55,2050
55,942
55,393
55,2032
55,2852
55,2431
55,127
238,287
238,61
238,191
238,487
238,499
238,1060
238,1389
238,2830
238,2830
238,768
238,2978
238,2966
238,3013
238,3013
238,578
238,1603
238,2444
238,2966
238,2010
238,2813
238,1455
238,1096
238,2043
238,555
238,3279
238,999
238,1146
238,1576
238,2982
238,238
238,3101
238,3342
238,61
238,61
238,966
238,2966
238,238
238,238
227,1298
227,2455
227,2623
227,2623
227,2623
227,1298
83,1703
83,260
83,894
83,1462
83,2073
83,2889
83,3271
83,423
83,83
83,1383
83,579
83,1
83,894
83,579
83,2623
83,579
83,1298
83,2070
83,894
83,98
83,2623
83,579
83,1462
83,1298
83,2623
83,1298
83,1298
83,2623
83,2623
83,1298
83,1298
83,2623
83,2623
83,3299
83,1298
83,1298
83,1298
83,1298
83,83
12,391
12,1831
12,1247
12,647
12,889
12,2294
12,3197
12,2727
12,2584
12,2595
12,1857
12,2485
12,3151
12,1212
12,3299
12,2965
12,3376
12,1137
12,1212
12,734
12,2894
12,2809
12,2894
12,1718
12,3376
12,1096
12,3111
12,1981
12,1137
12,2392
12,1489
12,1389
12,3376
12,1178
12,1836
12,734
12,3218
12,2868
241,77
241,324
241,324
241,191
241,276
241,469
241,324
241,3413
241,320
241,1857
241,168
241,1857
241,185
241,1685
241,238
241,238
241,320
241,48
241,3078
241,2261
241,3413
241,852
241,2068
241,62
241,829
241,1454
241,146
241,244
241,160
241,160
241,1861
241,160
241,160
241,1666
241,635
241,3368
241,650
241,718
241,2684
241,98
241,77
241,77
241,62
241,135
241,2439
241,1766
241,13
241,3569
241,3569
241,191
241,13
241,2476
241,266
241,241
241,1537
241,3542
241,1364
241,2911
241,68
241,1266
241,540
241,768
241,3294
241,315
241,428
241,68
241,2385
241,549
241,1289
241,428
149,1991
149,1991
149,1991
149,792
149,1991
149,1991
149,2085
149,1915
149,3060
149,1859
149,3412
149,1213
149,3414
149,1544
149,2601
149,2029
149,316
58,3341
58,58
58,2660
58,223
58,98
58,1338
58,1556
287,2670
287,1719
287,2041
287,1276
287,2660
287,3500
287,2370
287,238
287,1857
287,1537
287,238
287,98
287,98
287,595
287,1986
287,2660
287,2506
287,1006
287,47
287,1537
287,1389
287,1857
287,2509
132,409
132,2077
132,1594
132,293
132,848
132,1691
132,1
132,1335
132,3262
132,1594
132,1110
132,409
132,1335
132,2093
132,3438
132,2154
132,289
132,917
132,2144
132,768
132,324
132,1594
132,10
132,132
132,1335
132,2445
132,5
132,2019
132,3487
132,203
132,132
132,1137
132,3462
132,813
132,1252
132,3400
132,86
132,430
132,5
132,5
132,1586
132,1491
132,596
132,26
132,5
132,1691
132,289
132,225
132,1691
132,289
132,1586
132,246
132,978
132,153
132,768
132,2242
132,1335
132,2175
132,1307
132,2393
132,1537
132,1137
132,98
132,3109
132,579
132,3272
132,564
132,772
132,1902
132,2154
132,816
132,3176
132,2683
132,1137
132,3176
132,277
132,1756
132,405
132,131
132,894
132,86
132,3382
132,131
132,1384
132,2717
132,2717
132,659
132,3
132,2671
132,2671
132,2671
132,2671
132,2989
132,579
152,379
152,1216
152,827
152,379
152,379
152,379
152,2338
152,3193
152,3193
152,2057
152,163
152,3569
152,2417
152,1663
152,1663
152,3262
152,1372
152,930
152,3295
193,409
193,2077
193,3402
193,3278
193,1137
193,1789
193,2018
193,2019
193,1157
193,426
193,213
193,2159
193,2019
193,1336
193,180
193,924
193,2664
193,2104
193,2717
193,2717
193,1545
193,1106
193,1106
193,1106
193,449
193,225
193,1106
193,2717
193,2717
193,1123
193,1915
193,2961
193,1643
193,2437
193,193
193,1673
193,225
193,1902
193,718
193,3278
193,1892
193,1039
193,1691
193,1940
193,1241
193,945
170,3057
170,3057
170,3057
170,3057
170,3057
170,2840
170,3057
170,3057
170,2095
170,795
170,3057
170,2025
170,2392
170,1372
170,2120
170,3057
170,3057
170,3057
170,3057
170,3057
170,637
170,3057
170,1416
170,637
170,3057
170,896
170,3057
170,3057
170,2840
170,3413
170,3057
170,3057
170,3057
170,3057
170,3057
170,3057
170,200
129,446
129,446
129,446
129,446
129,1337
129,3471
129,3471
129,3471
129,1669
129,1669
129,1333
129,192
129,1337
129,26
129,1137
129,1669
129,3257
129,540
129,26
129,213
129,1107
129,213
129,446
129,446
129,540
129,974
104,104
104,1081
104,2155
104,3129
104,1856
39,740
39,740
39,2111
39,892
39,3399
39,942
39,3062
39,880
39,2534
39,579
39,211
39,803
39,2111
39,215
39,2448
39,2111
39,59
39,117
39,1733
39,2111
39,39
39,3144
39,579
39,579
39,2336
39,902
39,1114
39,1851
39,215
39,82
39,2111
39,579
39,579
39,880
39,2958
39,3523
39,579
39,873
39,579
39,2933
118,1321
118,2871
118,2723
118,159
118,2871
118,159
118,743
118,2871
118,1064
118,1406
118,1341
118,2349
118,2252
118,2750
118,1406
253,538
253,1586
253,2346
253,1586
253,2346
253,3568
253,2346
253,343
253,1537
253,2346
253,2346
253,1586
253,2346
253,216
253,410
253,2282
253,1198
253,2346
253,2346
253,1468
253,3045
253,972
253,213
253,2653
253,1775
253,289
253,1850
253,1468
253,1468
78,2798
78,2798
78,917
78,1285
78,2798
78,2673
78,135
78,3251
78,674
78,3251
78,2798
78,2798
78,586
78,2241
78,2673
67,67
67,3413
67,2983
67,67
67,554
67,2435
67,1606
67,2418
67,975
67,98
67,1625
67,2463
67,3262
67,450
67,1625
67,51
67,3342
67,3
67,1625
67,165
67,238
67,238
67,1414
67,62
67,135
67,238
67,1322
67,2337
67,2665
67,768
67,3
67,128
67,2966
67,436
67,3458
67,50
67,1060
67,2337
67,2966
67,67
67,3
67,135
67,3321
67,116
67,2983
67,1442
67,57
67,135
67,1628
67,975
67,3413
67,3413
67,67
67,61
67,3240
67,3413
67,2337
67,1894
67,2986
67,2986
67,3458
67,2944
67,3458
67,3458
67,57
67,1442
67,2877
67,67
75,2071
75,788
75,3000
75,606
75,1917
75,3523
75,1097
75,643
75,2488
75,543
75,685
75,643
75,1933
75,2392
75,2675
75,2392
75,2675
75,430
75,1408
75,1200
75,3433
75,2925
75,1457
75,1082
99,343
99,788
99,131
99,788
99,583
99,788
99,160
99,48
99,2483
99,1491
99,160
99,1768
99,2495
99,2083
99,1167
99,2932
99,430
99,99
99,604
99,131
99,3242
99,1993
99,368
99,3402
99,409
99,2077
99,3402
99,62
99,847
99,1663
99,3569
99,2437
99,1171
99,2932
99,564
99,4
99,1288
99,3216
99,1463
99,86
99,4
99,4
99,1617
99,430
99,1519
99,4
99,839
99,1991
166,880
166,602
166,1462
166,920
166,957
166,1726
166,1462
166,3299
166,2251
166,894
166,3258
166,2971
166,2041
166,1276
166,2971
166,1810
166,3304
166,2973
166,3064
166,2041
166,1276
166,2041
166,1276
166,77
166,2041
166,1276
166,682
166,957
166,1810
166,894
166,462
166,768
166,820
166,635
56,56
56,56
56,3353
56,1994
56,442
56,743
56,3291
56,750
56,2559
56,3117
56,2900
56,3024
56,2912
56,56
56,56
56,498
56,2392
56,2392
56,75
56,2392
56,788
56,2392
202,2676
202,446
202,446
202,2676
202,2676
202,2676
202,2676
202,2676
202,430
202,2676
202,3122
202,3380
202,2676
202,2676
202,3380
202,2676
202,430
202,2676
76,3502
76,788
76,76
76,788
76,2332
76,262
76,1998
76,430
76,1391
76,768
76,768
76,788
76,211
76,76
76,347
76,216
76,2529
76,2529
76,757
76,330
76,262
76,2246
76,2731
76,768
76,76
76,1
76,419
76,1586
76,330
210,2677
210,210
210,2111
210,2111
210,1586
210,2677
210,2111
210,2111
210,2111
210,2677
210,1526
210,2111
210,117
210,210
210,1526
210,288
210,1510
210,2677
210,2677
210,3406
210,2677
210,2959
210,2677
210,2045
210,2315
210,3319
210,210
210,2677
210,2959
210,1235
210,3198
210,2677
210,2677
210,2677
141,2488
141,3298
141,430
141,2562
141,2462
141,814
141,2385
44,1337
44,2534
44,1107
44,837
44,155
44,2385
44,3017
180,2437
180,3503
180,76
180,409
180,2077
180,197
180,180
180,1215
180,330
180,409
180,2077
180,3590
180,2932
180,3262
180,1710
180,1710
180,457
180,180
180,154
180,1631
180,4
180,86
180,180
180,180
180,639
180,317
180,1760
180,1888
180,2988
180,3241
180,2344
180,2906
180,1176
180,3483
180,3241
180,3571
180,1509
180,1007
180,1068
180,1960
180,1960
180,2908
180,2496
180,2629
180,2597
180,1316
180,2496
180,2657
180,275
180,2846
180,933
180,2623
180,2876
180,785
180,564
180,785
180,564
180,1167
180,785
180,2455
180,153
180,276
180,625
180,2455
180,180
180,1697
180,1697
180,1755
180,2738
180,1137
180,1137
180,1526
180,160
180,509
180,2461
277,1600
277,1266
277,3199
277,1705
277,1337
277,540
277,1107
277,277
277,1137
277,758
277,1107
277,3299
277,404
277,730
277,1107
277,3401
277,2620
277,2636
277,940
277,552
277,579
277,1965
277,1619
277,1619
277,3107
277,2455
277,2687
277,1337
277,1831
277,2455
277,2636
277,940
277,1846
277,540
277,2721
277,2018
277,3199
294,1137
294,788
294,1594
294,409
294,2077
294,2144
294,1594
294,1137
294,270
294,2242
294,848
294,2838
294,409
294,2077
294,216
294,76
294,2019
294,2109
294,596
294,2109
294,2534
294,2623
294,1434
294,2182
113,206
113,2204
113,2506
113,2111
113,2506
113,1626
113,1626
113,592
113,163
113,3592
113,1626
113,3518
113,1626
113,2359
113,3124
113,210
113,2506
113,3124
77,820
77,1998
77,1825
77,718
77,77
77,2991
77,2439
77,2385
77,77
77,3299
77,718
77,3299
77,2286
77,1537
77,3341
77,2061
77,2286
77,1537
77,3299
77,647
77,2061
77,324
77,1814
77,2286
77,2957
77,324
77,2684
77,2830
77,1537
77,2286
77,1692
77,1095
77,3299
77,213
77,606
77,999
61,634
61,889
61,2509
61,606
61,1536
61,999
61,1625
61,98
61,959
61,2991
61,2991
61,1520
61,1625
61,1414
61,1811
61,1371
61,2509
61,1985
61,967
61,1625
61,3523
61,959
61,2991
61,463
61,146
61,1233
61,98
61,343
61,1537
61,839
61,343
61,289
61,3502
61,1835
61,959
61,768
230,889
230,1188
230,218
230,75
230,189
230,1034
230,2287
230,579
230,718
230,889
230,788
230,1034
230,606
230,889
230,230
230,377
230,618
230,2392
230,2408
230,458
230,2287
230,889
230,889
230,889
230,889
230,889
230,889
230,606
230,889
230,889
230,218
230,889
230,2408
230,606
230,889
230,2408
230,606
230,889
230,889
230,2483
230,1409
230,2408
230,889
230,1991
230,1886
230,889
230,2825
230,126
230,820
230,230
230,3263
230,606
230,889
13,1354
13,2506
13,1719
13,3413
13,1857
13,2121
13,185
13,238
13,168
13,146
13,47
13,13
13,2068
13,1371
13,1891
13,1371
13,3586
13,3342
13,1079
13,1454
13,98
13,839
13,135
225,2731
225,1634
225,1983
225,3525
225,262
225,1634
225,1634
225,1468
225,2573
225,2646
225,2458
225,1752
225,2159
225,2346
225,788
225,1382
225,1431
225,1640
225,454
225,1019
225,857
225,1634
225,3126
225,2910
225,1963
225,1129
225,2968
8,3157
8,8
8,919
91,460
91,1042
91,113
91,22
91,3038
91,823
91,823
91,2990
91,2707
91,823
91,91
91,823
91,823
91,823
91,823
91,823
91,2534
91,2232
91,823
91,1808
91,823
91,823
91,823
91,3038
91,2358
91,1858
91,1585
91,1585
91,982
91,3537
91,1585
91,430
91,460
91,3038
91,326
91,1729
91,2483
91,2429
91,3038
91,2483
91,3051
91,1042
91,86
91,1014
91,3229
91,823
91,608
91,2103
91,17
91,1974
91,885
91,885
91,3421
91,915
91,2848
91,3402
91,2113
91,1876
91,3229
91,1757
91,2996
91,2358
91,2599
91,2429
91,885
91,140
91,2429
91,1014
91,2171
91,3229
91,197
91,2615
62,2762
62,3157
62,1720
62,1201
62,67
62,62
62,135
62,768
62,768
62,768
62,3413
62,161
62,238
62,3342
92,101
92,453
92,3373
92,1657
92,1832
92,665
92,2158
92,378
92,2881
92,2592
92,1285
92,2935
92,3181
92,100
92,3147
92,977
92,3346
92,3152
92,731
92,2309
92,2549
92,513
92,524
92,1547
92,1285
92,598
92,2551
92,453
92,2798
92,92
92,2875
92,1480
92,2174
92,2634
92,1033
92,1692
92,2043
92,78
92,2497
92,2082
92,453
92,2673
92,2673
92,917
92,3373
92,1692
92,78
92,3143
92,1567
92,2789
92,2875
92,1011
92,894
92,166
255,343
255,126
255,174
255,334
255,343
255,200
255,343
255,2255
255,1873
255,3522
255,1788
255,2373
255,993
255,255
255,131
255,659
264,2249
264,163
264,2257
264,161
264,171
264,218
126,1146
126,2071
126,2311
126,3501
126,857
126,2736
126,2389
126,1202
126,1098
126,2801
126,3501
126,1813
189,1779
189,1089
189,2737
189,1909
189,2113
189,1253
189,189
189,1302
189,2113
189,3156
189,938
189,216
189,415
203,718
203,1915
19,626
144,344
144,2511
144,718
144,892
144,892
144,2287
144,1389
144,2993
144,613
144,3299
144,411
144,357
144,75
144,2287
144,2569
144,2287
144,2993
144,820
144,209
144,2847
94,530
94,646
94,2940
94,3148
94,3290
94,1625
94,2329
94,2640
94,2905
94,2368
94,1778
94,895
94,2991
94,2488
94,3523
94,2940
94,382
94,409
94,2077
94,757
94,757
94,3205
94,2940
94,1596
94,2153
94,900
94,96
94,586
94,1538
94,530
94,1391
94,2409
94,3299
94,3458
94,947
94,267
94,2299
94,2640
94,3019
94,1998
94,2534
94,530
94,2823
94,1692
94,3019
94,96
288,117
288,87
288,117
288,2644
288,2506
288,211
288,2921
166,1900
166,2059
166,900
166,3304
166,3304
166,3304
166,954
166,3304
166,3304
166,3169
166,3304
166,3304
166,1810
166,579
166,3304
166,3304
166,3304
166,579
166,3304
166,3304
166,3304
166,3304
166,3304
166,3304
166,3304
166,3304
166,1810
166,3304
166,508
166,3304
166,957
166,3304
166,768
166,3304
166,3304
166,3304
166,3304
166,2709
166,3304
166,3304
166,3304
166,3304
166,3304
166,3304
166,3304
166,3304
166,3304
166,3304
166,3304
166,3304
166,3304
166,289
166,3304
166,3304
166,3304
166,957
253,2346
253,2346
253,538
253,1586
253,2346
253,3403
253,2830
253,895
253,2346
253,1850
253,1217
253,1538
253,2392
253,2675
253,2460
253,2460
253,1586
253,646
253,1586
253,1161
253,216
253,262
253,1217
40,1371
40,40
40,40
40,98
40,595
40,2991
40,1537
40,2462
40,1276
40,1537
40,3299
40,606
40,2464
40,2991
40,3110
40,606
40,999
40,2061
40,2991
40,1060
40,1537
40,2509
40,1414
40,873
40,1060
40,1060
40,1537
40,1445
40,2991
40,765
40,390
40,1644
40,2991
40,40
40,718
40,1524
40,2330
40,1537
40,1537
40,1824
124,853
124,907
124,1777
124,907
124,397
124,124
124,915
124,1789
124,2018
124,274
124,2019
124,1157
124,2018
124,2715
124,192
124,915
124,2646
124,1032
124,749
124,3562
124,2878
124,659
124,216
124,176
124,397
124,879
124,307
174,3523
174,1991
174,1248
174,343
174,1991
174,1991
174,343
174,378
174,606
174,343
174,343
174,1335
259,3301
259,1573
259,567
259,1997
259,1314
259,1314
359,1982
359,3277
359,360
359,3085
359,3085
359,829
359,721
359,1204
359,1982
359,3059
359,1281
359,1298
359,353
359,579
359,1298
359,1298
359,359
359,1298
359,360
359,1298
359,439
359,2898
359,936
359,359
359,359
359,3105
359,2708
359,1030
204,1755
204,2738
204,2742
204,326
204,430
204,126
204,430
204,1097
204,788
204,821
204,1585
204,1585
204,1585
204,1051
204,1058
204,1585
204,3231
204,1097
204,430
204,2646
204,192
204,1533
204,326
204,1505
204,1505
204,3363
204,821
204,326
204,821
204,326
204,3589
204,1486
204,821
204,821
204,821
204,3484
204,213
204,326
204,213
204,326
204,326
204,326
204,326
204,326
204,326
204,1505
204,326
204,326
204,3455
204,326
204,326
204,213
204,326
204,326
204,326
204,326
204,326
204,1755
204,2738
204,326
204,86
204,2429
204,2086
204,326
204,204
204,72
204,821
204,326
204,724
204,326
204,326
204,326
204,326
204,326
204,326
204,1745
204,326
204,788
204,1691
204,1103
204,75
204,326
204,213
204,821
204,86
204,1172
204,3270
204,326
204,326
204,326
204,326
204,2646
204,326
204,821
204,326
204,821
204,326
204,821
204,326
204,724
204,326
204,2069
204,484
204,1574
204,3523
186,1097
186,949
186,3548
186,3212
186,1577
186,1065
186,3543
186,3478
186,1324
186,1374
186,3360
186,1232
186,2641
186,2453
186,3127
186,2301
186,2539
186,430
186,2628
186,512
186,512
186,3450
297,1731
297,1731
297,1731
297,1731
297,1731
297,1647
297,894
297,3173
297,1050
297,3173
297,1731
297,216
297,1050
297,166
297,782
297,2139
297,1211
297,368
297,2139
297,2139
297,1050
297,2139
297,2139
297,1050
297,528
297,2139
297,1057
297,2446
297,829
297,2654
297,1050
297,2139
297,1384
297,2139
297,2023
297,297
297,2139
297,2023
297,2139
297,2139
297,1949
297,2139
297,2139
297,2139
297,3311
297,1731
297,2139
297,2139
297,3405
297,659
297,1057
297,2023
297,1884
297,1050
297,3392
297,2139
60,3153
60,3153
60,3153
60,82
60,2733
60,2367
60,3153
60,493
60,3153
60,3153
60,3153
60,3153
60,1492
60,1492
60,789
265,1786
265,986
265,343
265,200
265,343
265,126
265,343
265,200
265,343
265,1878
265,659
71,2844
71,71
71,2043
71,3413
71,1528
71,3413
71,1425
266,1537
266,2286
266,406
266,9
266,2109
266,2068
266,3461
266,98
266,98
266,62
266,3413
266,9
266,368
266,350
266,899
266,1365
266,783
266,1685
266,320
266,266
266,2991
266,390
266,1096
266,1179
266,2991
266,2068
266,1371
266,279
266,13
266,98
266,47
266,98
266,266
238,2534
238,492
238,669
238,820
238,814
238,549
238,1371
238,1832
238,3299
238,343
238,1537
238,546
238,457
238,3014
238,2534
238,2762
238,2385
238,549
238,3492
238,549
238,2211
238,2534
243,399
243,1339
243,3059
243,3047
205,189
205,2113
205,2448
205,1064
205,117
205,1853
205,2349
205,1639
205,2696
110,682
110,1537
110,897
110,1499
110,2297
110,1342
110,3395
110,3342
110,2337
110,3395
110,428
110,487
110,3395
110,3327
110,3297
110,1537
110,469
110,244
110,969
110,3277
110,3395
110,98
110,2022
110,98
110,146
110,1245
110,116
110,110
110,952
110,308
110,135
110,1537
110,1537
110,422
110,720
110,98
110,768
110,256
110,2762
110,839
110,3586
110,2762
110,1079
110,1798
110,1625
110,249
110,3299
110,2121
110,1537
110,3299
110,768
110,80
110,238
110,392
110,2462
110,1371
110,238
110,266
110,3329
110,1157
110,2379
110,2109
110,2054
110,934
110,2109
110,40
110,308
110,2317
110,146
110,1067
110,3395
110,438
110,2121
164,164
164,591
164,1494
164,227
164,164
164,510
164,1462
164,166
164,166
164,2513
164,1966
164,1966
164,1966
164,1966
164,3567
164,3475
164,591
164,591
164,632
164,773
164,1611
164,239
164,3475
164,3475
164,3475
164,2342
164,510
164,510
164,2251
164,330
164,1758
164,1
164,166
164,2342
164,1462
164,2251
164,1462
164,166
164,1
164,1
164,1
164,166
164,1462
164,166
164,1386
164,510
164,510
164,334
164,1462
164,131
164,166
164,659
164,166
164,166
164,2513
164,902
164,1114
164,880
164,3475
164,166
164,166
164,880
164,632
164,2251
164,1589
164,166
164,1
164,738
164,1589
164,1462
164,1589
164,1589
268,1263
268,1575
268,3219
268,268
86,565
86,3089
86,920
86,2069
86,565
86,857
86,1
86,848
86,3299
86,1072
86,880
86,579
86,579
86,1068
86,1
86,579
86,757
86,1
86,2092
86,805
86,2870
86,2207
86,1146
86,2776
86,2215
86,3252
86,2620
86,742
86,1820
86,3210
86,1026
86,595
86,3375
86,3426
86,2207
187,213
187,326
187,263
187,326
187,446
187,446
187,792
187,536
187,1743
187,2611
187,326
187,2317
187,2785
187,540
187,1337
187,1137
187,2646
187,635
187,2392
187,2408
187,1820
187,1663
187,3569
191,3250
191,2003
191,201
191,276
191,2985
191,2583
191,3463
191,2971
191,2971
191,2971
191,2971
127,2705
127,1656
127,2695
127,3173
127,1297
127,1656
127,931
127,1584
127,1046
127,2519
127,2101
127,31
127,615
127,2414
127,3227
127,117
127,3144
127,1118
127,322
127,29
127,66
127,288
127,1534
127,455
127,471
127,3144
127,2111
127,117
127,286
127,2705
127,3381
127,201
127,87
127,2705
127,1534
127,2101
127,127
127,127
127,3566
127,2705
127,533
127,2967
127,2705
178,178
178,1632
178,1632
178,1632
178,1632
178,3237
178,385
178,1407
178,2844
178,1632
178,1632
100,3519
100,974
100,327
100,3176
100,2817
100,3176
100,3176
100,3176
100,3176
100,3176
100,213
100,3176
100,3176
100,3176
100,3176
100,3176
100,3176
100,1714
100,3176
100,3176
100,3176
100,3176
100,3176
100,1714
100,3176
100,2428
100,3176
49,1599
49,1907
49,1416
49,1663
49,1663
49,2095
49,1984
49,1939
49,928
49,385
95,579
95,2513
95,1072
95,2741
95,875
95,3413
95,438
95,168
95,2211
95,151
95,1586
95,917
95,602
95,2513
95,1872
95,2515
95,1872
95,1872
95,130
95,894
95,579
95,1
95,1107
95,1872
95,3090
142,1475
142,571
142,427
142,2179
142,2878
142,594
142,663
142,788
142,1667
142,583
142,75
142,430
142,430
142,2452
142,3194
142,3569
142,402
142,2483
142,564
142,1691
142,330
142,574
142,3343
142,2048
142,878
142,142
142,405
142,3158
142,142
142,1545
142,1608
142,1815
142,3111
142,3487
142,2374
142,265
142,1375
142,3472
142,2159
142,142
142,2116
142,991
142,2378
142,2116
142,788
142,770
142,1772
142,788
142,3212
142,1608
142,3587
142,2642
142,311
142,583
142,415
142,583
142,1097
142,430
142,770
142,1103
142,2301
142,3218
142,1577
142,1193
142,174
142,75
142,430
142,2488
142,2145
142,430
142,213
142,1545
142,2374
142,2071
142,2524
142,2183
142,502
142,502
142,1991
142,1936
142,770
142,1569
142,2990
142,1545
142,430
142,75
142,2488
142,1667
142,3461
142,3040
142,502
142,1103
142,2963
142,2751
142,2048
142,1475
142,427
142,2580
142,1592
142,571
142,2699
142,3282
142,1545
142,1103
86,2119
86,1916
86,1020
86,1147
72,2483
72,3004
72,1889
72,1105
72,3276
72,3489
72,72
72,3004
72,131
72,347
72,197
72,624
72,72
72,2398
72,3008
72,3229
72,433
72,807
72,3484
72,3312
72,807
72,3312
72,3559
72,591
72,3484
72,3312
72,727
72,782
72,2429
72,624
228,2693
228,2693
228,2693
228,2693
228,2693
228,2693
228,324
228,2693
228,2768
108,165
108,3122
108,2785
108,1130
108,1130
108,1130
22,3497
22,2639
22,1858
22,2301
22,1858
22,740
22,1046
22,974
22,1974
22,885
22,140
22,885
22,1858
22,1858
22,2443
22,1540
22,1409
22,1153
22,1858
22,633
22,1858
22,121
22,22
22,2677
22,117
22,1974
22,873
22,1858
22,121
22,1858
22,488
22,1858
22,740
22,1858
22,1858
22,1024
22,1024
22,326
22,2267
22,1024
22,1858
22,2483
22,1858
22,2301
22,1858
22,1858
22,1858
22,919
157,1138
157,1138
157,2128
157,157
157,2128
157,2111
157,2367
157,2111
157,2472
157,157
157,764
157,157
20,409
20,2077
20,3148
20,1717
20,506
20,3176
20,1219
20,3176
20,2019
20,2670
20,2534
20,3176
20,517
20,517
20,1719
20,228
20,273
20,1792
20,2909
20,889
20,2741
20,2066
20,96
20,422
20,273
20,1692
20,2741
20,9
20,586
20,3299
20,820
20,530
20,1692
20,3148
20,2969
20,3273
163,3326
163,163
163,1573
163,1246
163,2576
163,1357
163,675
163,189
163,418
163,1211
163,260
163,76
163,2482
163,2532
18,1755
18,2738
18,4
18,2268
18,1726
18,508
18,1755
18,2738
18,1945
18,1945
18,1943
18,1506
18,203
18,2129
18,2129
18,736
18,1943
18,1134
18,204
18,203
18,736
18,2604
18,736
18,1870
18,1674
18,974
18,204
18,1436
80,185
80,238
80,238
80,266
80,2997
80,1462
80,1857
80,2491
80,1857
80,61
80,1335
80,1568
80,320
80,1857
80,469
80,428
80,1857
80,1857
80,266
80,47
80,279
80,30
80,3342
80,2318
80,287
80,606
80,2991
80,499
80,1371
80,1219
80,3091
80,3180
80,2068
80,47
80,3091
80,3180
80,47
80,1685
80,1857
80,2610
80,2853
80,3513
80,1371
80,279
80,2546
80,1556
80,2804
80,2068
80,3128
80,2982
80,110
80,80
80,428
80,1407
80,651
80,1096
80,3196
80,2509
80,2534
80,3425
80,1229
80,499
80,1537
80,2439
80,47
80,1371
80,1891
80,2068
80,3
80,1891
80,2757
80,557
80,921
80,1537
206,1297
206,3300
206,2302
206,1469
206,1469
206,946
206,2315
206,3163
206,1389
206,2911
206,919
206,3197
206,583
206,2069
206,151
206,48
206,2603
206,964
63,2686
63,2544
63,788
63,213
63,1946
63,794
63,2398
63,420
63,2026
63,2488
63,174
63,2366
63,968
63,1306
63,748
63,1072
63,2026
63,430
63,2071
63,430
63,174
63,405
63,126
63,63
63,2096
63,2096
63,1419
63,2794
37,26
37,2622
37,2130
37,1047
37,973
37,1468
37,552
37,2687
37,213
37,701
37,1337
37,3034
37,508
37,1137
37,701
37,3252
37,2580
37,2687
37,2622
37,2622
37,2687
37,1468
37,1908
37,2687
37,1468
37,1908
37,1468
37,508
17,1345
17,2844
17,3184
17,171
17,1551
17,1000
17,2749
17,1962
17,1869
17,3466
17,3057
17,536
17,536
17,3462
17,3184
17,536
17,659
17,2844
17,3173
17,3173
17,2844
237,430
237,75
237,857
237,2475
237,2071
237,3501
237,1752
237,430
237,1097
237,430
237,2524
237,534
237,3501
237,2475
237,1752
237,2475
237,1752
237,2319
237,1988
237,3501
237,2311
237,1988
237,1988
237,1988
237,1988
237,1730
237,1752
237,3501
237,707
222,2063
222,2063
222,1351
222,1351
222,785
222,1921
222,2396
222,895
222,672
222,1513
222,1351
222,2063
222,1351
222,1902
222,1351
222,697
222,334
222,1351
222,1351
222,2194
222,3066
222,3149
222,2063
222,334
222,2511
222,579
222,894
222,222
222,757
222,2511
222,1068
222,1802
222,757
222,757
222,330
222,2555
222,1503
222,2565
222,2700
222,2555
222,1503
222,1964
222,1539
222,70
222,3382
222,579
222,3364
222,2292
222,1969
222,1545
222,1106
222,2437
222,2906
222,3530
222,757
222,1755
222,894
222,564
222,1351
222,3185
222,788
222,659
222,203
222,334
222,1351
222,757
244,595
244,2059
244,2442
244,2059
244,2059
267,579
267,415
267,3458
267,2396
267,530
267,586
267,994
267,530
267,343
267,530
267,3458
267,1391
267,3252
267,508
267,2940
289,1017
289,895
289,343
289,2888
289,922
289,2216
289,2290
289,1022
289,2729
289,3176
289,305
289,895
289,3523
289,3299
289,1746
289,343
289,2488
289,1974
289,530
289,1804
289,857
289,3403
295,626
295,669
295,343
295,1915
295,415
295,3234
295,168
295,151
295,3413
295,116
295,3372
295,3372
295,30
295,295
295,2516
295,626
295,795
295,238
295,238
295,1625
295,165
295,238
295,2463
295,67
295,469
295,3
295,3076
295,2917
295,185
295,2001
295,238
295,62
295,1473
295,1473
295,1473
295,1473
295,927
295,1511
295,1680
295,1473
295,1528
295,952
295,2337
295,1473
295,3509
295,3413
295,62
295,3
295,128
295,3
295,1414
295,135
295,368
295,1590
295,116
295,2041
295,1276
295,2041
295,1276
295,2640
295,1473
295,2670
295,1473
295,682
295,1473
295,1473
295,295
295,3458
295,2630
295,975
295,3
295,128
295,2536
295,116
295,2917
295,3458
143,1414
143,2971
143,3067
167,1910
167,331
167,2934
167,2934
167,1859
167,2934
167,2934
167,2934
167,2111
167,2934
167,117
167,1997
167,1997
167,3561
167,117
167,1997
167,3071
167,2015
167,2959
167,2934
167,117
194,1010
194,2611
194,2964
194,165
194,2095
194,292
194,2611
194,3412
194,194
194,430
194,430
194,430
194,430
213,962
213,874
213,1137
213,3451
213,1481
213,1337
213,2957
213,1468
213,1725
213,2193
213,3517
213,26
213,1047
213,1908
213,962
213,1807
213,2099
213,973
213,2756
213,1047
213,552
213,2568
213,540
213,1725
213,1333
213,213
213,1251
219,3122
219,1344
219,3122
219,219
219,3122
219,2656
219,3122
219,3122
28,1625
28,1455
28,2640
28,3299
28,1346
28,1666
28,3278
28,917
28,2935
28,28
28,141
28,98
28,2462
28,647
28,1860
28,3538
28,2329
60,127
60,2047
60,276
145,2168
145,3573
145,293
145,849
145,188
145,3353
145,656
145,609
145,2191
145,2424
145,305
145,2483
145,1409
145,2287
145,2315
145,2429
145,265
145,1409
145,495
145,2807
145,974
145,2315
145,1053
145,2823
145,2534
145,76
145,2480
145,2534
145,2480
145,2534
145,2331
145,2291
145,1100
9,13
9,47
9,266
9,1454
9,98
9,487
9,1568
9,1857
9,168
9,606
9,499
9,3128
9,756
9,390
9,499
9,1537
9,2991
9,1371
9,3342
9,98
9,2312
9,135
9,9
9,2853
9,1825
9,9
9,266
9,57
9,2439
9,1096
9,58
9,98
9,98
9,1079
9,1995
9,1623
122,3129
122,3252
122,3129
122,3129
122,3129
122,3129
122,3129
122,3129
122,2529
122,880
122,3129
122,3129
150,3371
150,267
150,1714
150,3148
150,3371
150,293
150,409
150,2077
150,1070
150,2388
150,836
150,787
150,633
150,2109
150,3482
150,2463
150,2331
150,150
150,283
150,1948
150,1948
150,274
150,457
150,2445
150,1775
150,816
150,2781
150,784
150,3190
150,3177
150,1775
150,409
150,2077
150,3290
150,1594
150,1775
150,633
150,2396
150,1537
150,457
150,457
150,457
150,457
150,457
150,3176
150,1378
150,3165
235,1537
235,235
235,98
235,656
235,3353
235,3353
147,792
147,3298
147,579
147,1669
147,540
147,1337
147,1669
147,2331
147,213
147,2580
147,1619
147,1619
147,900
147,1391
147,552
147,26
147,1807
128,2966
128,3458
128,50
128,3
128,450
128,1528
128,1528
128,135
128,3
128,3342
128,3458
128,3076
128,2921
128,3076
128,2581
128,1067
128,62
128,401
128,1625
128,3076
128,1371
128,1414
128,1371
128,2991
128,3413
128,1371
128,62
128,3101
128,98
128,1060
128,324
128,220
128,354
128,238
128,1685
128,2630
128,3
128,1843
128,3302
128,3345
128,3458
128,1244
128,768
128,2053
128,3458
128,1067
128,700
128,3413
128,1060
128,2385
128,324
1471,2534
1471,2534
1471,3471
1471,1468
1471,380
1471,446
1471,446
1471,2282
1471,2282
1471,2534
1471,2282
1471,2534
1471,2717
1471,1217
1471,1217
1471,2534
1471,410
1471,2534
1471,2717
1471,2717
1471,1789
1471,2018
1471,2534
1471,2561
1471,2717
1471,2721
1471,410
1471,1217
1471,1217
1471,1217
1471,2715
1471,1217
1471,1468
1471,1471
1471,2509
1471,410
1471,410
1471,1586
1471,380
1471,380
1471,2018
1471,410
1471,410
1471,697
1471,1337
1471,697
1471,697
1471,644
1471,2717
1471,2717
1471,380
1471,1072
1471,1789
1471,2018
1471,380
1471,380
1471,2534
260,7
260,260
260,98
260,1703
260,786
260,3016
260,2412
260,3569
260,1820
260,529
260,419
260,919
260,2528
260,260
260,7
260,4
260,48
260,260
260,925
260,3007
260,2844
260,2315
260,4
260,260
260,83
97,1118
97,2367
97,1118
97,97
97,117
97,2367
97,3561
97,215
97,82
97,2959
97,1186
97,2557
97,333
97,82
97,215
97,82
97,211
97,2111
97,82
97,2557
97,2111
97,839
97,66
97,2109
97,215
97,749
97,2557
97,211
97,117
97,2111
97,1785
97,2353
97,98
97,117
2,791
2,3299
2,2385
2,2385
2,1017
24,1632
24,2385
24,1315
24,1893
24,116
24,1084
24,3320
24,570
24,1685
24,1632
24,599
24,2260
24,1632
24,1632
24,1632
24,1632
24,1632
24,1632
24,2320
24,1632
24,549
24,549
24,184
24,2681
24,549
223,223
223,2804
223,3299
223,2463
223,1871
223,667
223,2227
223,1358
223,1562
223,1391
223,1562
223,1358
223,223
223,2312
223,1
223,487
223,3327
223,1668
223,2971
223,3299
223,1537
223,2346
223,2660
223,889
223,2244
223,3129
223,1100
223,1391
223,1426
223,2520
223,3537
223,3554
223,755
223,1735
223,1165
223,2830
223,969
223,1995
223,1521
223,3537
223,1028
223,1523
223,635
223,422
223,334
223,1521
223,2940
223,3402
223,3402
223,2627
223,1783
223,456
223,1521
223,1520
223,3265
223,2965
223,1391
223,1783
223,552
223,1705
223,900
223,421
223,2948
223,2957
223,868
223,1391
223,2760
223,868
223,2830
223,2606
223,1537
223,765
223,2940
223,1802
223,561
223,1705
223,223
207,3252
207,2785
207,3108
207,2623
207,2070
207,1137
207,86
207,820
207,101
207,1264
207,1702
207,1167
207,225
207,2455
207,1902
207,564
207,1264
207,2253
207,3547
207,596
207,5
207,131
207,1384
207,2717
207,2717
207,1588
207,2588
207,1588
207,782
207,1410
207,2461
207,2890
207,632
207,2019
207,2615
207,3402
207,1016
207,1902
207,564
207,772
207,2461
207,409
207,2077
207,3402
207,1527
234,1777
234,1777
234,1868
234,2136
234,2136
234,628
234,2968
234,785
234,1788
234,1788
234,2856
234,262
234,262
234,153
234,363
234,363
234,659
234,1868
234,1291
234,1291
234,340
234,3448
234,1106
234,564
234,628
234,304
234,124
234,1868
234,1868
234,628
234,659
234,659
234,70
234,86
234,3382
234,1264
234,564
234,343
234,1092
234,306
234,225
234,225
234,1586
234,641
234,340
234,2968
234,2968
234,3580
234,3580
234,1777
234,1892
234,2968
234,289
234,1868
234,2968
234,628
234,1665
234,1144
234,352
234,997
41,1389
41,1060
41,1060
41,98
41,1556
41,3452
41,3319
41,3131
41,3131
41,1556
41,1948
41,934
41,1632
41,1590
41,1590
41,1961
41,100
41,2844
41,2844
41,471
41,2844
41,1590
41,2831
41,1233
41,41
41,2312
41,1948
41,2971
41,1948
41,168
41,3299
158,1391
158,698
158,1599
158,1721
158,2847
158,181
158,3541
158,181
158,3253
158,2013
158,1671
158,1177
158,1128
158,2150
158,2805
158,2805
158,1747
158,1599
158,2733
158,127
158,1671
158,1128
158,2951
158,3153
158,2951
158,2951
158,774
158,1565
158,367
158,1258
89,324
89,3299
61,1414
61,2068
61,61
61,1537
61,406
61,1414
61,1625
61,98
61,61
61,40
61,1276
61,2574
61,839
61,1625
61,2762
61,1346
61,98
61,1537
61,390
61,1096
61,2550
61,1857
61,2991
61,3458
61,50
61,2329
61,98
61,98
61,3425
61,999
61,61
61,1414
61,839
61,98
61,768
61,3538
61,635
61,889
61,1389
11,865
11,1847
11,2046
11,2046
11,2046
11,2046
11,2046
11,2046
11,11
11,1396
11,2426
11,917
11,2592
11,2592
11,2798
11,2673
11,89
11,3202
11,100
11,366
11,1604
11,2875
11,78
11,2798
11,1765
11,3202
11,2697
11,865
11,1847
11,875
11,3202
11,487
11,1271
11,2004
11,2004
11,1543
11,3236
11,3380
11,2238
11,681
11,2551
238,1831
238,2731
238,3523
238,1663
238,1666
238,2348
238,2846
238,2102
238,1339
238,3059
238,788
238,262
238,2600
238,203
238,633
238,1928
238,3327
238,1244
238,75
238,3299
238,244
105,770
105,1772
105,2758
105,770
105,3292
105,2907
105,1103
105,1475
105,2048
105,1711
105,3429
105,105
105,2117
105,2543
105,1711
105,2642
105,1380
105,3461
48,2679
48,3446
48,1372
48,2057
48,151
48,48
48,2349
48,2069
48,2181
48,48
48,1069
48,1146
48,944
48,1372
48,788
48,531
48,2315
48,579
48,820
48,2623
48,227
48,579
48,579
48,1298
48,3430
48,2883
48,1767
48,579
48,2462
169,2563
169,768
169,2323
169,2191
169,2146
169,728
169,2534
169,2534
169,920
169,2300
169,702
16,2068
16,116
16,3413
16,1322
16,503
16,682
16,759
16,238
16,682
16,1060
16,276
16,2385
16,185
16,2270
259,3406
259,780
259,117
259,117
259,117
259,117
259,117
259,117
259,1728
259,2501
259,2501
259,1801
259,2501
259,1046
259,2126
259,127
259,322
259,1428
259,1046
259,117
272,647
272,1101
272,1998
22,722
22,1526
22,2111
22,3173
22,3173
22,722
22,3173
22,3173
22,3173
22,3173
22,3173
22,3173
22,760
22,3173
22,3173
192,3252
192,1902
192,3145
192,2455
192,1773
192,192
192,2460
192,1586
192,2734
192,872
192,26
192,1137
192,1333
192,2018
192,2734
192,1669
192,3471
192,1701
192,894
192,697
192,3252
192,540
192,1337
192,213
192,1908
192,2282
192,2721
192,1468
192,3408
192,1239
192,2734
192,3471
192,3471
192,3471
192,1239
192,2734
192,3471
192,2734
192,1669
192,540
192,1137
192,2460
192,508
192,2646
192,1137
192,1468
192,1337
192,3471
192,2368
192,2734
192,2734
192,1807
192,3129
192,3129
192,2580
192,2455
192,355
192,213
160,1844
160,3137
160,274
160,718
160,409
160,2077
160,2332
160,788
160,761
160,2731
160,2329
160,409
160,2077
160,192
160,788
160,850
160,1022
160,2731
160,225
160,3525
160,635
160,2590
160,625
160,289
160,2731
160,2731
160,76
160,76
160,419
160,203
160,659
160,1804
160,775
160,3522
160,262
160,153
160,203
160,2541
160,334
160,289
160,3460
160,2541
160,2764
160,1775
160,945
160,2830
160,1335
160,2035
160,1091
160,1936
160,3469
160,1981
160,1526
160,989
160,2124
160,2346
160,2915
160,2874
160,2255
160,1652
160,788
160,405
160,2809
160,72
160,225
160,3487
160,2242
160,192
160,540
160,2623
160,2124
160,2609
160,2458
160,2351
160,2012
160,1991
160,408
160,2809
203,1773
203,334
203,3034
203,895
203,2115
203,736
203,1773
203,1943
203,2774
203,2776
203,1773
203,3252
203,1904
203,1283
203,1055
203,1283
203,1904
203,2612
203,1055
203,3252
203,579
203,2575
203,3005
203,2575
203,3005
153,771
153,2829
153,1726
153,262
153,3487
153,3083
153,1180
153,2910
153,2910
153,1983
153,3083
153,922
211,2682
211,3144
10,334
10,187
10,730
10,1995
10,1341
10,507
10,2506
10,59
10,1637
10,2235
10,1915
10,258
10,1439
10,690
10,937
10,2062
10,2540
10,1908
10,3304
10,190
10,3304
10,1489
10,1533
10,10
10,334
10,1
10,76
10,419
10,211
10,262
10,894
10,697
10,38
10,1137
10,2443
10,2784
10,388
10,1
10,3122
10,635
10,10
10,730
10,2784
10,388
10,2784
10,388
10,2121
10,3585
10,151
10,894
10,782
10,3531
10,370
10,579
10,579
10,1373
10,497
10,792
10,2257
10,1501
10,788
10,3144
10,2097
10,309
240,2895
240,1087
240,3413
240,161
240,2646
240,1234
121,1753
121,951
121,2836
121,2328
121,3068
121,1848
121,1901
121,1133
121,2836
121,2666
121,2836
121,2836
121,2836
121,2836
121,1901
121,2836
121,3068
121,2836
121,2836
121,3068
121,2836
121,2836
121,2836
121,414
121,2836
121,1166
121,1397
121,2836
121,2836
121,3191
121,1762
121,2836
121,2836
121,2836
121,3122
121,2836
121,2836
121,3055
250,2450
250,1199
250,452
250,2152
250,584
250,809
250,3201
250,2152
250,2546
250,777
250,735
250,1276
250,735
250,735
40,579
40,40
40,272
40,98
40,1663
40,40
40,1389
40,2830
40,1602
40,1537
40,2201
40,2462
40,1537
40,378
40,1714
40,549
40,40
40,40
40,1537
40,40
40,98
40,77
40,98
36,2862
36,2167
36,2842
36,2380
36,2862
36,102
36,2862
36,2862
36,66
36,1175
36,2862
36,333
36,579
36,1626
36,1197
36,2167
36,3561
31,1624
31,873
31,1162
31,1162
31,117
31,117
31,873
31,692
31,2407
31,2407
31,2407
31,2407
31,215
31,2639
31,481
31,1259
31,1769
31,2367
163,1812
268,1369
268,2100
268,2393
268,169
268,192
268,293
268,1979
268,2393
268,1369
268,1369
268,1369
268,1369
268,2785
268,1369
268,2393
268,1369
268,1369
22,22
22,2506
22,1858
22,259
22,974
22,2301
22,807
22,1858
22,140
22,2429
22,1024
22,74
22,1626
22,1858
22,1046
22,2443
22,1757
22,1
22,3229
22,2429
22,2478
22,2069
22,326
22,1757
22,1526
22,740
22,2483
22,1526
22,2069
22,2429
22,2972
22,1024
22,2657
22,2443
22,430
22,1042
22,579
22,958
22,2654
22,885
22,2654
22,2483
22,2374
22,265
22,1042
22,326
22,113
22,210
22,2443
22,1762
22,74
22,2121
22,215
22,885
22,2102
22,1540
22,1409
22,1363
22,1858
22,740
22,2470
22,740
22,1518
22,2101
22,2483
22,1858
22,2101
22,2429
22,885
22,265
22,749
22,579
22,1
22,885
22,1518
22,1858
22,885
22,1858
22,885
22,885
22,2509
22,1518
22,590
22,885
22,885
22,751
22,885
22,3079
22,1747
22,1762
22,2069
22,1974
22,121
22,2163
22,3070
22,1858
22,74
22,885
22,885
22,74
22,433
22,885
22,885
22,885
22,885
22,2654
22,2972
22,433
22,885
101,277
101,2393
101,2511
101,1619
101,2393
101,213
101,277
101,213
101,1337
101,1137
101,1619
101,1337
101,2534
101,26
101,1807
101,1619
101,1119
101,446
101,446
101,2687
101,540
101,718
101,1940
101,2333
101,1137
101,2393
101,2092
101,915
101,1054
101,2534
101,2534
101,277
101,1619
101,1054
101,1047
101,26
101,900
101,552
101,1251
101,213
101,3107
101,1054
101,26
101,37
101,1908
101,1337
101,457
101,690
101,1619
101,1489
101,1137
61,1857
61,2769
61,3298
61,768
61,1414
61,61
61,98
61,768
61,1998
61,768
61,768
61,1625
61,768
61,3523
61,768
61,2991
61,1157
61,1157
61,3445
61,1857
61,1625
61,2640
61,2769
61,40
61,635
61,1414
61,1371
271,210
271,1713
271,2441
271,300
271,788
271,1178
271,218
271,76
271,1737
271,1721
271,1991
271,1873
271,119
271,119
271,2827
271,788
271,1001
271,2582
271,1762
271,659
271,2203
271,441
271,1854
271,119
271,854
271,1737
271,2349
271,1936
271,782
271,1064
271,2429
271,1873
271,63
271,2545
271,46
271,1873
271,430
271,1691
271,1401
271,3051
271,1582
271,175
271,845
116,609
116,168
116,711
116,3586
116,2762
116,1625
116,2329
116,146
116,98
116,368
116,650
116,2935
116,1537
116,168
116,2508
116,1537
116,116
116,2076
116,3010
116,696
116,3262
116,3413
116,368
116,381
116,3262
116,116
116,116
116,1883
116,696
116,696
116,1310
116,1537
116,302
116,852
116,1800
296,2971
296,4
296,139
296,1668
296,820
296,2781
296,2534
296,2534
296,3378
296,633
296,530
296,3299
296,3299
296,296
296,661
296,3
296,1414
296,700
296,1537
296,2534
296,50
296,2752
296,1096
296,2534
296,3132
296,2781
296,2534
296,2809
296,3176
296,2683
296,1674
296,793
296,682
296,682
296,2809
296,3019
296,412
296,2683
296,50
296,3279
296,2595
296,1998
296,2534
42,192
42,2028
42,3252
42,213
42,2159
42,758
42,129
42,1337
42,1807
42,3408
117,2842
117,2506
117,286
117,2959
130,3099
130,2534
130,2632
130,2584
130,1365
130,2191
130,1957
130,2534
130,192
130,1723
130,1723
130,375
130,375
130,375
130,375
130,1918
130,2248
130,355
123,855
123,2926
123,1813
123,3178
123,3178
123,2926
123,3528
123,3473
123,770
123,3528
123,328
123,1823
123,1267
123,965
123,1031
123,1796
123,3486
123,965
123,3178
123,1796
123,1796
123,965
123,1796
123,2071
123,965
123,1796
123,2926
123,1796
123,1707
123,1213
123,1497
123,1497
123,2926
123,2926
123,1813
123,3178
123,1989
123,1989
123,3511
123,3575
123,965
123,1796
123,123
123,1153
123,123
123,965
123,2926
123,1989
123,123
123,745
123,3035
123,1230
123,2399
123,328
123,1629
123,1629
123,1989
123,1989
123,1989
123,1497
123,1302
123,1989
123,98
123,159
123,1497
123,2469
3,2991
3,1686
3,2286
3,2286
3,2286
3,2286
3,2462
3,98
3,2286
3,2286
3,2991
3,2286
3,40
112,112
112,1974
112,2605
112,1559
112,2507
112,1477
112,769
112,902
112,1348
112,1974
112,343
112,1024
112,2045
112,1135
112,789
112,1354
112,1056
112,778
112,112
112,1838
112,1135
112,3357
112,3412
214,2952
214,2745
214,383
214,954
214,925
214,1995
214,214
214,334
214,2935
214,2552
214,135
214,2342
214,727
214,954
214,98
214,681
214,135
214,708
214,151
214,2546
214,2342
214,2251
214,151
214,602
214,334
214,1
214,263
214,579
214,48
298,401
298,647
298,1537
298,914
298,700
298,2781
298,2534
298,50
298,1659
298,2940
298,2001
298,3036
298,1824
298,1208
298,768
298,1537
298,839
298,1537
298,298
298,2001
298,1763
298,1668
298,1060
298,2800
298,1535
36,3144
36,1334
36,995
218,174
218,209
218,65
218,1727
218,1181
218,3087
218,3087
218,770
218,1300
218,833
247,430
247,126
247,3197
247,940
247,180
247,430
247,2623
247,430
247,3048
247,2928
247,2421
247,3422
247,339
247,3020
247,3020
247,788
247,1107
247,1805
247,3215
247,247
247,1691
247,430
247,1745
247,643
247,174
247,247
247,197
247,1288
247,126
247,515
247,236
247,169
247,247
247,1820
247,1561
247,277
247,2755
247,795
247,2008
247,3299
247,1825
247,2455
247,1365
247,1475
247,2220
247,568
247,677
247,677
247,677
283,1922
283,2660
283,2158
283,2549
283,2660
283,2422
283,2660
283,889
283,2244
283,1860
283,1800
283,283
283,1720
283,3176
283,216
283,283
283,2180
283,2660
283,3333
283,3299
283,2971
283,3523
283,1537
283,2549
283,283
188,2784
188,829
188,95
188,894
188,1663
188,1132
188,2133
188,2784
188,2784
188,1137
188,2400
188,2509
188,2301
188,3552
188,2443
188,1694
188,2546
188,2979
188,829
188,151
188,917
188,192
188,810
1,579
1,1072
1,487
1,3252
1,857
1,2950
1,601
1,2776
1,2991
1,880
184,3146
184,3430
184,3321
184,324
184,77
184,324
184,820
184,2476
184,324
184,324
184,324
184,324
184,98
184,324
184,2684
184,98
184,1096
184,57
184,1625
184,3395
184,213
184,2159
184,3342
184,135
184,1537
184,1079
184,168
184,2121
184,184
184,718
184,2850
184,940
184,116
184,324
184,324
184,2230
184,1666
184,635
184,1261
184,875
184,324
184,324
184,3163
184,324
184,324
184,1537
184,324
184,324
184,2991
184,324
184,324
184,917
184,324
184,324
184,324
184,324
184,2230
184,2230
184,324
184,324
184,324
184,324
184,1720
184,324
184,324
184,324
184,324
184,324
184,3555
184,917
215,326
215,2101
215,2069
215,3006
215,2623
215,1596
215,1024
215,1014
215,1
215,1383
293,277
293,2002
293,2191
293,2191
293,2191
293,2056
172,1354
172,77
172,1285
172,865
172,1847
172,3373
172,3180
172,2462
172,1285
172,740
172,1609
172,2343
172,3278
172,1043
172,3278
172,213
172,1285
172,1666
172,3278
172,3373
172,887
172,2174
172,619
172,865
172,1847
172,1847
172,1847
172,3541
172,3181
172,483
172,2416
172,886
172,1186
172,3180
172,1847
172,2882
172,1759
172,2624
172,1818
172,2497
172,172
172,2680
172,89
172,1818
172,2506
172,3210
172,2680
172,1800
172,2506
172,2882
172,2006
172,3210
172,2506
172,213
172,1847
172,2506
172,1478
172,1043
172,3556
172,2922
172,1478
172,1043
273,2019
273,2019
273,347
273,347
273,560
273,560
273,3148
273,273
273,2392
273,889
273,2741
273,2741
273,2940
273,2969
273,3523
273,1517
273,347
273,3148
273,3021
273,836
273,273
273,2066
273,2665
273,3148
273,1104
273,2665
273,273
273,273
273,813
273,836
273,813
273,2066
273,440
273,1538
273,3148
273,889
273,2741
273,508
273,3148
273,3148
273,2665
273,3259
273,1717
273,273
273,646
273,3148
273,1692
273,2019
273,2066
273,2066
273,1517
273,1355
273,1414
273,98
166,1050
166,166
166,1757
166,3229
166,2979
166,782
166,1211
166,2023
166,297
166,1533
166,3392
166,1050
166,1050
166,763
166,1050
166,1050
166,166
166,1050
166,166
166,1050
166,1050
166,166
166,1050
166,1050
166,1050
166,1050
166,1050
166,346
166,1050
166,166
166,166
166,1819
166,1050
166,1050
166,1050
166,1050
166,1050
166,1050
166,2139
166,1050
166,2080
166,2139
166,1050
166,1050
166,1050
166,1050
166,1050
166,2080
166,1050
166,1050
166,1050
166,600
166,1275
166,1275
166,2139
166,1050
275,1750
275,2629
275,1610
275,3436
275,3350
275,4
275,2670
275,1242
275,1080
275,2534
275,549
275,2041
275,1276
275,3218
275,659
275,2600
275,3396
5,1137
5,77
5,1137
5,2623
5,2070
5,363
5,1775
5,430
5,174
5,473
5,840
5,1444
5,3127
5,2678
5,709
5,1777
5,596
5,1249
5,1734
5,405
5,318
5,402
5,225
5,1106
5,343
5,180
5,2437
5,1802
5,1391
5,1391
5,1093
5,1093
5,2623
5,817
5,2401
5,2784
5,1093
5,896
5,270
5,1093
5,343
5,2223
5,1792
5,225
5,2456
5,270
5,2315
5,834
5,409
5,2077
5,1672
5,2483
5,1526
5,1038
5,2849
5,1612
5,3299
5,1335
5,1077
5,2242
5,1526
5,2840
5,3547
5,3547
5,405
5,1696
5,1697
5,2483
5,941
5,255
5,405
5,405
5,405
5,3313
5,1519
5,1697
5,1697
5,1691
5,2960
5,3402
5,1491
5,343
5,620
5,788
5,1775
5,1077
5,1672
5,2819
5,3523
5,1491
176,176
176,2280
176,176
176,857
176,176
176,565
176,3252
176,551
176,2346
176,2906
176,2652
176,1969
176,2965
176,2524
176,1715
176,2374
176,176
176,1755
176,2738
176,1640
176,2159
176,924
176,2104
176,857
176,1215
176,1183
176,1850
176,1147
176,1837
176,213
176,857
176,3111
176,785
176,1666
176,857
176,3523
176,1262
176,190
176,2830
176,1147
176,415
176,1341
4,4
4,564
4,227
4,330
4,1665
4,1666
4,941
4,924
4,540
4,2623
4,1987
4,1448
4,579
4,880
4,2546
4,2623
4,1191
4,3586
4,1275
4,2511
4,894
4,733
4,2070
4,2823
4,2070
4,1275
4,880
4,1275
4,579
4,579
4,579
4,2070
4,2823
4,785
4,880
4,564
4,788
4,579
4,757
4,785
4,2437
4,3252
4,4
4,1775
4,715
4,857
4,176
4,2488
4,2685
4,2600
4,2148
4,2070
4,1275
4,3234
4,3367
4,1850
4,663
4,1878
4,788
4,3144
180,788
180,792
180,857
180,2524
180,1715
180,2374
180,176
180,2437
180,1598
180,2437
180,225
180,2187
180,785
180,2558
180,1892
180,1215
180,785
180,699
180,415
180,2906
180,262
180,785
180,809
180,334
180,407
180,2809
180,3278
180,2873
180,2437
180,2558
180,3367
180,2994
180,3402
180,788
180,213
180,788
180,326
180,2191
180,2456
180,2906
180,1319
180,857
248,248
248,3412
248,2349
248,3570
248,1360
248,210
248,740
248,433
248,403
248,2305
248,2632
248,288
248,446
248,3122
248,3122
248,3122
248,151
248,1757
248,558
248,1866
248,539
248,2325
248,1540
248,1540
248,579
248,842
248,1974
248,248
248,248
248,1757
248,518
248,151
248,95
248,373
248,433
248,518
248,2933
248,859
248,151
248,3122
248,3461
248,591
248,3028
248,802
87,2212
87,2959
87,1145
87,1910
87,2335
87,846
87,1997
87,806
42,533
42,274
42,1908
42,2140
42,2329
42,192
43,3564
43,1594
43,294
43,2610
43,1111
43,1436
43,1775
43,43
43,2272
43,869
43,289
43,2331
43,203
43,1951
43,9
43,895
43,3523
43,3252
43,3408
43,3355
43,160
43,1061
43,942
43,2214
43,2838
43,3118
43,2376
43,1459
43,1627
43,1923
43,2064
43,1460
43,1149
43,3557
43,2883
43,2932
43,245
43,203
43,3347
43,76
43,197
43,2838
43,76
43,2534
43,1083
43,369
43,2463
43,3435
43,2626
43,607
43,1697
43,2590
43,203
43,3355
43,1312
43,858
43,3347
43,1498
43,2683
43,3172
43,3457
43,3457
43,2037
43,1936
43,782
43,203
114,33
114,3077
114,3516
114,1504
114,815
114,1837
114,1504
114,536
114,3506
114,1633
114,1236
114,218
114,2645
114,1912
114,815
114,3077
114,2042
114,2042
114,1620
114,815
114,114
114,3388
114,815
114,815
114,815
114,815
114,1895
114,1633
114,1663
114,583
81,1565
81,2959
28,2121
28,3319
28,1067
28,768
28,168
28,28
28,1483
28,2052
28,2971
28,2061
28,2971
28,28
28,1556
28,3299
28,3413
28,135
33,2108
33,3260
33,1143
33,1325
33,2886
33,2042
33,457
33,772
33,706
33,1265
33,1982
33,867
33,1697
33,2932
33,50
33,1940
33,33
33,3158
33,794
33,794
33,2526
33,2522
33,1814
33,1814
33,1978
33,1978
33,1944
33,3504
33,1944
33,405
33,1814
33,472
33,828
33,1277
33,1814
33,1857
33,1814
33,3081
33,1857
33,3504
33,2600
33,405
33,3223
33,1814
33,2048
33,2031
33,1666
33,2600
33,1698
33,794
33,2598
33,1814
33,75
33,1202
33,828
33,2014
263,1341
211,3144
211,1974
211,873
211,476
132,10
132,1453
132,565
132,277
132,894
132,155
132,2018
132,1789
132,2018
132,1789
132,2018
132,2018
132,963
132,135
132,218
132,972
132,2229
132,552
132,1040
132,1586
132,2550
132,154
132,187
132,1337
132,3355
132,2404
132,277
132,380
132,3046
132,3438
132,915
132,1137
132,1137
132,1965
132,1755
132,2738
132,330
132,1619
132,1619
132,1725
132,2282
132,3252
132,900
132,277
132,1669
132,277
132,1965
132,1669
132,213
190,1005
190,1391
190,755
190,895
190,2368
190,530
190,343
190,900
190,1537
190,2965
190,342
190,655
190,655
190,947
190,3187
190,530
190,655
195,146
195,1660
195,3119
195,3119
195,146
195,24
195,238
195,61
195,61
195,1079
195,184
195,184
195,1389
195,1060
195,2385
195,2041
195,1276
195,244
195,220
195,1763
195,50
195,603
195,2226
195,2385
195,3372
195,1568
195,3078
195,2867
290,2820
290,2820
290,3202
290,3443
290,2922
290,2144
290,2701
290,3202
290,1203
290,2497
290,1765
290,374
290,3586
290,482
290,3586
290,1052
290,1052
290,2027
290,3181
290,2364
290,2228
290,716
290,716
290,2922
290,1829
290,1695
290,716
290,2360
290,2228
290,2455
290,2419
290,1346
290,824
290,1060
290,895
290,672
290,3299
290,895
290,2385
290,1027
291,1211
291,782
291,3366
291,166
291,2979
291,2864
291,1050
173,3538
173,98
173,146
173,61
173,2804
173,2991
173,1686
173,1686
137,238
137,165
137,1371
137,1537
137,3342
137,61
137,3413
137,143
137,1060
137,3513
137,2534
137,3393
137,768
137,768
137,1625
137,238
137,768
137,137
137,768
137,463
137,1060
137,1414
137,2670
137,1096
274,718
274,895
274,2061
274,2550
274,2991
274,1537
274,2752
274,3576
274,3576
274,2041
274,1276
274,2752
274,1556
274,1825
274,3299
274,3492
274,283
274,2330
274,820
274,1438
274,77
274,1556
274,768
274,2651
274,820
274,2385
274,2385
274,2640
47,266
47,445
47,3134
47,279
47,146
47,1021
47,13
47,168
47,146
47,1330
47,1330
47,238
239,579
239,1146
239,3220
239,2846
239,579
239,880
239,1
239,2385
239,2070
239,2846
239,2623
239,579
239,2511
239,579
131,343
131,2483
131,2329
131,409
131,2077
131,3402
131,1991
131,149
131,2683
131,3172
131,621
131,2932
131,419
131,99
131,334
131,409
131,2077
90,829
90,782
90,3229
90,2726
90,782
90,540
90,2534
90,3585
90,690
90,1
90,880
90,2080
90,690
90,3229
90,2979
90,579
90,2546
90,917
90,2979
90,1991
90,1330
90,768
90,579
90,2972
90,1050
90,166
90,894
90,894
90,1936
90,2979
90,782
90,894
90,829
90,151
90,880
90,682
90,1533
90,166
90,1398
90,3220
90,1424
90,46
90,1050
276,2679
276,276
276,2049
276,276
276,617
276,419
276,3226
276,3262
276,2911
276,852
276,3262
276,419
276,2121
276,276
276,487
276,520
276,276
276,225
276,1594
276,945
276,1666
276,1666
276,225
276,262
276,334
276,1
276,419
276,3262
276,782
276,782
276,601
256,168
256,110
256,3413
256,1276
256,2121
256,2041
256,1276
256,1067
256,2041
256,1276
256,952
256,765
256,2109
256,2041
256,1276
256,256
256,3581
256,952
256,169
233,2390
233,1207
233,1251
233,633
233,334
233,3299
233,154
233,457
233,154
233,154
134,1334
134,1334
134,430
134,3018
134,1334
134,1334
134,3414
134,2618
134,3363
134,1334
134,1334
134,1334
134,1712
134,1334
134,2635
134,396
134,1334
134,992
134,2618
134,1334
134,2200
134,2506
134,3363
134,1334
134,430
134,2618
134,1334
134,3122
134,1476
134,1913
134,1344
134,485
134,430
134,2618
134,63
134,1613
134,134
134,2847
134,181
134,1237
134,1706
134,3122
134,1334
134,1334
134,209
134,181
134,688
134,688
134,533
14,2454
14,1908
14,2674
14,446
14,446
14,2676
14,2832
14,2785
14,788
14,1743
14,2785
14,2568
14,2785
14,2785
14,2785
14,1550
14,592
14,3484
14,2785
14,3484
14,2832
14,2676
14,752
14,2100
14,2676
14,2676
14,2676
14,430
14,2100
14,2785
14,2676
14,2676
14,2408
14,1336
14,1048
14,1365
14,1908
102,1348
102,1080
102,3406
102,1399
102,766
102,3198
102,919
102,3389
102,2349
102,1785
102,8
102,970
102,3566
102,1626
102,1785
102,210
102,2506
64,2314
64,623
64,64
64,1063
64,2176
286,3022
286,3566
286,3134
286,2128
286,803
286,3022
286,127
283,283
283,1542
283,216
283,283
283,2269
283,1343
283,1214
283,953
283,283
283,343
283,889
283,283
283,283
283,283
283,2059
283,723
51,1809
51,1809
51,1809
51,1013
51,3500
37,3129
37,2282
37,2018
37,2230
279,279
279,2546
279,1686
279,279
279,2286
279,1537
279,279
279,2439
279,279
279,279
279,238
279,2286
279,2286
279,2286
279,767
279,1414
279,2463
279,1537
279,765
279,768
279,1067
279,274
279,768
279,768
279,768
279,768
279,2548
279,1390
279,1079
279,767
279,2548
279,767
279,767
279,765
279,1414
279,1371
279,390
279,767
279,2286
279,1371
279,279
279,765
279,2476
279,279
279,3299
32,1826
32,2592
32,3586
32,791
32,1820
32,1820
32,1820
32,2935
32,2935
32,3181
196,2929
196,1109
196,905
196,3434
196,1290
196,3424
196,2114
196,348
76,1080
76,3252
76,1686
209,553
209,553
209,553
209,553
209,1146
209,553
209,3256
209,1012
209,209
162,895
162,2556
162,2396
162,672
162,1755
162,2738
162,1597
162,3553
162,3553
162,725
162,3144
162,1314
162,2728
162,290
162,1
162,829
162,3382
162,3382
162,1317
162,1106
162,1325
162,2252
162,2556
162,3299
162,3382
162,2998
162,2913
162,1346
162,2337
162,1141
162,2772
162,213
162,3538
162,2337
162,2337
162,2385
162,672
162,549
162,549
162,549
162,191
162,2385
162,549
162,1754
162,283
162,2670
162,191
162,2772
162,3379
162,2660
162,2370
162,2370
162,2660
162,86
96,2991
96,2286
96,2991
96,2721
96,540
96,2286
78,2623
78,1150
133,3277
133,540
133,3581
133,540
133,96
133,2019
133,787
133,1982
133,1538
133,1538
133,3323
133,540
133,787
133,1717
133,192
133,1705
133,2019
133,133
15,3413
15,2121
15,168
15,438
15,1632
15,2121
15,438
15,2121
15,856
15,438
15,438
15,2121
15,1934
15,907
15,1369
15,15
15,3413
15,907
15,687
15,1412
15,1461
15,1979
15,169
15,749
15,2109
15,146
211,2203
211,2447
211,895
211,1974
211,2927
211,3234
211,1094
211,210
262,1280
262,343
262,343
262,343
262,3222
262,343
262,3523
262,343
151,1818
151,77
151,3413
151,3413
151,2403
151,383
151,315
151,820
151,1679
151,416
151,1908
151,3129
151,3415
151,3415
151,3415
151,2350
151,588
151,510
151,3059
151,1169
151,3059
151,386
151,2971
151,3299
151,1107
151,166
151,383
151,2403
151,812
151,3299
151,2385
151,1264
151,2619
151,954
151,386
151,1462
151,588
151,3386
151,841
151,2209
151,2512
151,1
151,193
151,1799
151,1225
151,3262
151,579
151,812
151,957
151,2400
151,2403
151,438
151,1586
151,3462
151,588
151,588
157,211
157,960
157,3479
157,2506
157,117
157,157
157,157
157,2880
157,2507
157,2507
157,2111
157,1958
157,211
178,210
178,292
178,178
178,622
178,622
178,1632
178,622
178,517
178,620
178,206
178,717
178,206
178,1526
178,710
178,1008
178,203
178,3054
178,1841
178,1797
178,3324
178,622
178,178
178,622
178,1991
178,178
178,3056
154,633
154,633
154,2032
154,2032
154,1908
154,3019
154,2032
154,3176
154,154
154,3176
154,3411
154,3176
154,2032
154,457
154,154
154,154
154,942
154,633
154,1026
154,3019
154,3176
154,154
154,3176
161,1140
269,2445
269,475
269,1775
269,2965
269,2980
269,475
269,2965
269,3299
269,1804
269,607
269,475
269,1637
269,1026
269,1227
269,3176
269,1308
269,1771
269,1254
269,3176
269,334
269,2717
269,2717
46,3229
46,2069
46,2301
46,881
46,2650
46,1090
46,2650
46,1090
46,1622
46,46
46,86
46,2650
46,1090
46,2760
46,2654
46,2650
46,1090
46,2650
46,2650
46,1090
46,2650
46,2650
46,2650
46,2650
46,2650
46,2650
46,2650
46,2650
46,1090
46,1090
46,326
46,788
46,2840
46,326
46,1974
46,788
46,1341
46,579
257,3
257,1390
257,128
257,3458
257,463
257,2534
257,920
257,3
257,257
257,135
257,1462
257,3
257,302
257,1060
257,499
257,2509
257,1371
257,257
232,2299
232,1714
232,1748
232,1100
212,1298
212,779
212,3391
212,2326
212,2345
212,857
212,3031
212,1311
212,857
212,1601
212,2207
212,3391
212,1974
212,579
141,457
141,1202
141,1857
141,790
141,1364
141,1276
141,1940
141,2574
141,2991
141,2488
141,2041
141,1276
141,2041
141,1276
141,422
141,2041
141,1276
141,718
141,1481
141,2236
141,1666
141,1438
141,732
141,1481
141,2546
141,2041
141,1276
141,718
141,1276
141,1579
141,2488
141,2991
141,2462
141,1202
141,1202
141,2041
141,1276
141,1157
141,78
141,1666
141,635
141,2651
141,647
141,3456
141,595
141,1425
141,2180
141,2180
141,2180
73,540
73,3460
73,2803
73,542
73,314
73,2456
73,1500
73,2739
73,904
73,2456
73,1500
73,1252
73,2070
73,904
73,1500
73,904
73,904
73,1500
73,904
73,1191
73,904
73,2711
73,904
73,542
73,1500
73,2739
73,542
73,2739
73,904
73,1500
73,542
73,542
73,1500
73,2739
73,2716
73,904
73,1500
73,2954
73,2954
73,1500
73,542
73,2739
73,542
73,2803
73,2739
73,542
73,2803
73,1500
73,2739
73,904
73,542
73,542
73,2954
73,542
73,542
73,904
181,3541
181,3122
181,3541
181,1859
181,2683
181,1859
181,1177
181,1859
181,1859
181,2632
181,181
181,1177
181,3153
181,2087
181,2087
181,2797
181,181
181,3541
181,378
181,398
181,3440
181,398
181,3541
181,1472
181,466
181,2805
181,688
181,2367
181,1487
181,82
181,660
181,1743
181,181
181,192
181,434
181,3225
181,2821
181,1009
181,2683
181,2683
181,466
181,382
181,2922
181,2683
181,2683
245,549
245,1537
245,765
245,1404
245,871
245,2534
245,3140
245,2932
245,131
245,972
245,629
245,3142
245,1672
245,847
245,3252
245,2071
245,262
245,166
245,409
245,166
245,151
245,2337
245,464
245,419
245,2932
245,1945
245,1554
245,1945
245,510
245,1554
245,1
245,510
245,972
245,294
245,847
245,1391
245,2722
245,289
245,2337
245,2337
21,3073
220,3430
220,2975
220,190
220,220
220,238
220,238
220,2670
220,2670
220,768
220,3413
220,1371
220,2670
220,2670
220,2264
220,2670
220,2670
220,2670
220,3299
220,2670
220,768
220,2670
220,244
220,61
220,3430
220,768
220,2670
220,50
220,50
220,700
220,390
220,1096
220,2068
220,244
220,2670
220,2670
220,1157
220,2762
220,3342
220,244
220,2670
220,2670
220,1371
220,2068
220,220
220,2153
220,3430
220,61
220,768
220,220
220,1537
220,98
220,2640
220,3
220,220
220,354
220,67
220,61
262,451
262,629
262,788
262,211
262,895
262,1610
262,2332
262,3230
262,922
262,203
30,814
30,2041
30,1276
285,650
285,2497
285,650
285,3086
285,1049
285,875
285,680
285,680
285,680
285,3201
285,2956
285,2157
285,368
285,1669
285,285
285,598
285,3200
285,2935
285,2434
285,1407
285,2506
285,1719
285,89
285,2822
285,1049
285,1800
285,285
175,1582
175,3072
175,1582
175,1334
175,2840
175,2315
175,892
175,1582
175,337
175,1582
175,2363
175,1582
175,906
175,1582
175,1582
175,2131
175,1582
175,1582
175,3051
175,430
175,1582
175,2363
175,1582
175,892
175,892
175,3059
175,1582
,86
,847
,203
,368
,1897
,3155
,276
,409
,2077
,1184
,166
,894
,1137
,1950
,2706
,1353
,1943
,62
,940
,2850
,940
,1738
,1134
,289
,1943
,1282
,1580
,601
,269
,2268
,540
,940
,2636
,263
,579
,166
,961
,378
,2630
,2530
,3558
,2935
,3005
,2268
,3176
,3413
,2776
,1402
,2061
,3272
,894
,166
,2667
,2667
,3304
,1537
,1210
,57
,839
,1547
,96
,1775
,270
,216
,579
,2523
,1810
,916
,894
,2991
,1810
,2251
,880
160,392
160,293
160,3384
160,392
160,3413
160,73
160,2124
160,1137
160,1335
160,2109
160,3460
160,2242
160,2809
160,2124
160,2124
160,2293
160,1326
160,2609
160,2124
160,908
160,2970
160,2242
160,408
160,2887
160,1295
160,2483
160,2386
160,1991
160,2562
160,2124
160,2124
160,3285
160,364
216,98
216,2385
216,682
216,2385
216,1276
216,768
216,768
216,1493
216,768
216,768
216,2018
216,3304
216,3464
216,430
216,2685
155,77
155,3299
155,1266
82,579
82,579
82,3122
82,3122
82,3369
82,65
82,117
82,2639
82,579
82,579
82,82
82,3122
82,2506
82,430
82,2111
82,873
258,2111
258,2506
258,82
258,873
258,803
258,1568
258,1207
258,1334
258,2448
258,2483
258,3065
258,2506
258,610
258,3122
258,882
258,829
258,2557
258,77
258,950
258,215
258,803
258,862
258,610
258,2923
258,1259
258,917
258,2923
50,2833
50,3010
50,889
50,1389
50,2830
50,2945
50,911
50,1537
50,2385
50,2830
50,2830
190,530
190,530
190,343
190,900
190,2823
190,3458
190,2823
190,96
190,530
190,646
190,457
190,544
190,544
190,530
190,3176
190,2061
190,530
190,655
190,2768
190,2331
190,1391
76,918
76,768
76,768
76,2595
76,2595
76,848
76,768
76,1371
76,768
76,3045
76,768
76,768
76,768
76,3298
76,2830
76,768
76,2648
76,768
76,2242
76,768
76,3111
76,3502
76,768
76,1825
76,768
76,768
76,76
76,2246
76,788
76,1732
76,718
76,3393
76,76
127,1534
127,2844
127,2507
127,117
127,3153
127,127
127,127
127,3153
127,127
127,117
127,746
127,3153
127,2501
127,117
127,873
127,2111
,2190
,2190
,794
,2190
,2190
,2357
,1413
,1413
,2083
,154
,898
,154
,1356
,3402
,659
,880
,894
,2357
,579
,1
,124
,898
,1413
,1413
,579
,1298
,880
,1882
,3461
,2070
,1275
,3461
,1882
,1298
,3461
,857
,363
,3402
,312
65,65
65,430
65,3490
65,65
65,174
65,213
65,545
65,3000
65,3000
65,2392
65,2675
65,1661
65,391
65,430
65,2942
65,213
65,2759
65,3404
65,996
65,1097
65,2490
65,1470
65,1483
65,1483
65,3490
65,1483
66,2506
66,2099
66,3091
66,3180
66,873
156,1080
156,2991
156,1605
156,156
156,1072
156,3299
156,1243
156,2830
156,1247
156,2455
